run_id,run_hash,plan_version,scenario,family,variant,seed,parents,unseen_parents,student,construction,weights,exposure,router,postprocess,ground_truth,artifact_dir,response_dir,metadata_path,status,checkpoint_or_api,notes,evidence_tier,trigger,claims
L1-linear-2p__v1__same__s11,9e40e1804d1a,0.9,L1-linear-2p,merge,v1,11,math;code,,,linear,"[0.5,0.5]",[],,,structural;construction,runs/checkpoints/L1-linear-2p__v1__same__s11,runs/responses/L1-linear-2p__v1__same__s11,runs/metadata/L1-linear-2p__v1__same__s11.json,planned,,,core,,C2
L1-linear-2p__v1__same__s23,ce4bc40ceeb1,0.9,L1-linear-2p,merge,v1,23,math;code,,,linear,"[0.5,0.5]",[],,,structural;construction,runs/checkpoints/L1-linear-2p__v1__same__s23,runs/responses/L1-linear-2p__v1__same__s23,runs/metadata/L1-linear-2p__v1__same__s23.json,planned,,,core,,C2
L1-linear-2p__v1__same__s47,0d079d7b0d36,0.9,L1-linear-2p,merge,v1,47,math;code,,,linear,"[0.5,0.5]",[],,,structural;construction,runs/checkpoints/L1-linear-2p__v1__same__s47,runs/responses/L1-linear-2p__v1__same__s47,runs/metadata/L1-linear-2p__v1__same__s47.json,planned,,,core,,C2
L2-ties-3p__v1__same__s11,865404d7d9a8,0.9,L2-ties-3p,merge,v1,11,math;code;science,,,ties,"[0.34,0.33,0.33]",[],,,structural;construction,runs/checkpoints/L2-ties-3p__v1__same__s11,runs/responses/L2-ties-3p__v1__same__s11,runs/metadata/L2-ties-3p__v1__same__s11.json,planned,,,core,,C2
L2-ties-3p__v1__same__s23,94806c6deb04,0.9,L2-ties-3p,merge,v1,23,math;code;science,,,ties,"[0.34,0.33,0.33]",[],,,structural;construction,runs/checkpoints/L2-ties-3p__v1__same__s23,runs/responses/L2-ties-3p__v1__same__s23,runs/metadata/L2-ties-3p__v1__same__s23.json,planned,,,core,,C2
L2-ties-3p__v1__same__s47,a312bf9521bd,0.9,L2-ties-3p,merge,v1,47,math;code;science,,,ties,"[0.34,0.33,0.33]",[],,,structural;construction,runs/checkpoints/L2-ties-3p__v1__same__s47,runs/responses/L2-ties-3p__v1__same__s47,runs/metadata/L2-ties-3p__v1__same__s47.json,planned,,,core,,C2
L5-mixture-kd__v2__1p7b__s11,8fbb787d2183,0.9,L5-mixture-kd,distillation,v2,11,math;code;medical;science,,1p7b,mixture_kd,[],"[0.4,0.3,0.2,0.1]",,,structural;exposure;counterfactual,runs/checkpoints/L5-mixture-kd__v2__1p7b__s11,runs/responses/L5-mixture-kd__v2__1p7b__s11,runs/metadata/L5-mixture-kd__v2__1p7b__s11.json,planned,,,core,,C3
L5-mixture-kd__v2__1p7b__s23,aafa4ef74212,0.9,L5-mixture-kd,distillation,v2,23,math;code;medical;science,,1p7b,mixture_kd,[],"[0.4,0.3,0.2,0.1]",,,structural;exposure;counterfactual,runs/checkpoints/L5-mixture-kd__v2__1p7b__s23,runs/responses/L5-mixture-kd__v2__1p7b__s23,runs/metadata/L5-mixture-kd__v2__1p7b__s23.json,planned,,,core,,C3
L5-mixture-kd__v2__1p7b__s47,fdb1fd4dd238,0.9,L5-mixture-kd,distillation,v2,47,math;code;medical;science,,1p7b,mixture_kd,[],"[0.4,0.3,0.2,0.1]",,,structural;exposure;counterfactual,runs/checkpoints/L5-mixture-kd__v2__1p7b__s47,runs/responses/L5-mixture-kd__v2__1p7b__s47,runs/metadata/L5-mixture-kd__v2__1p7b__s47.json,planned,,,core,,C3
L7-deep-ancestry__v1__1p7b__s11,5f334ecdbc58,0.9,L7-deep-ancestry,deep_chain,v1,11,math;code;medical,,1p7b,dare_ties,"[0.4,0.35,0.25]",[],,auxiliary_sft;int4_inference;response_kd,structural;construction;trajectory,runs/checkpoints/L7-deep-ancestry__v1__1p7b__s11,runs/responses/L7-deep-ancestry__v1__1p7b__s11,runs/metadata/L7-deep-ancestry__v1__1p7b__s11.json,planned,,,core,,C3
L7-deep-ancestry__v1__1p7b__s23,5387a5d0a23e,0.9,L7-deep-ancestry,deep_chain,v1,23,math;code;medical,,1p7b,dare_ties,"[0.4,0.35,0.25]",[],,auxiliary_sft;int4_inference;response_kd,structural;construction;trajectory,runs/checkpoints/L7-deep-ancestry__v1__1p7b__s23,runs/responses/L7-deep-ancestry__v1__1p7b__s23,runs/metadata/L7-deep-ancestry__v1__1p7b__s23.json,planned,,,core,,C3
L7-deep-ancestry__v1__1p7b__s47,93f7155fe56a,0.9,L7-deep-ancestry,deep_chain,v1,47,math;code;medical,,1p7b,dare_ties,"[0.4,0.35,0.25]",[],,auxiliary_sft;int4_inference;response_kd,structural;construction;trajectory,runs/checkpoints/L7-deep-ancestry__v1__1p7b__s47,runs/responses/L7-deep-ancestry__v1__1p7b__s47,runs/metadata/L7-deep-ancestry__v1__1p7b__s47.json,planned,,,core,,C3
L8-open-set__known_only__same__s11,d273c9d73007,0.9,L8-open-set,open_set,known_only,11,math;code;medical,,,mixed,[],[],,,bank_sufficiency,runs/checkpoints/L8-open-set__known_only__same__s11,runs/responses/L8-open-set__known_only__same__s11,runs/metadata/L8-open-set__known_only__same__s11.json,planned,,,core,,C5
L8-open-set__unknown_A__same__s11,d2582a75c95a,0.9,L8-open-set,open_set,unknown_A,11,math;code,external_unseen,,mixed,[],[],,,bank_sufficiency,runs/checkpoints/L8-open-set__unknown_A__same__s11,runs/responses/L8-open-set__unknown_A__same__s11,runs/metadata/L8-open-set__unknown_A__same__s11.json,planned,,,core,,C5
L8-open-set__unknown_B_heavy_transform__same__s11,e6f42e47fc9c,0.9,L8-open-set,open_set,unknown_B_heavy_transform,11,math;code;medical,,,mixed,[],[],,auxiliary_sft;response_kd,bank_sufficiency,runs/checkpoints/L8-open-set__unknown_B_heavy_transform__same__s11,runs/responses/L8-open-set__unknown_B_heavy_transform__same__s11,runs/metadata/L8-open-set__unknown_B_heavy_transform__same__s11.json,planned,,,core,,C5
