seed,encoder,parent_f1,relative_residual,support_jaccard_vs_primary,coordinate_spearman_vs_primary,top2_support,pi
23,mpnet,1.0,0.6862743641231022,1.0,1.0,"[""Code"", ""Math""]","[0.2830453117253386, 0.4462965187527039, 0.07590426313868746, 0.19475390638327017]"
23,minilm,1.0,0.6792096007613315,1.0,1.0,"[""Code"", ""Math""]","[0.26768675574384015, 0.5014040795117126, 0.054933240502095415, 0.17597592424235184]"
23,bge,1.0,0.6668163786761001,1.0,1.0,"[""Code"", ""Math""]","[0.2821999294497402, 0.49913583519290505, 0.02407976383018224, 0.19458447152717256]"
47,mpnet,1.0,0.6323910839989813,1.0,1.0,"[""Code"", ""Math""]","[0.31365876148129673, 0.5369833591748078, 0.05749255245305185, 0.09186532689084372]"
47,minilm,1.0,0.6423069818788693,1.0,1.0,"[""Code"", ""Math""]","[0.24785060784342713, 0.5592088018404135, 0.06008385063132592, 0.13285673968483339]"
47,bge,1.0,0.6248386224127485,1.0,1.0,"[""Code"", ""Math""]","[0.31264055771833255, 0.5280583305055273, 0.052069247433368104, 0.10723186434277214]"
71,mpnet,1.0,0.6444177311596174,1.0,1.0,"[""Code"", ""Math""]","[0.31903568670075266, 0.49562361201615723, 0.0, 0.18534070128309008]"
71,minilm,1.0,0.6455897558073334,1.0,1.0,"[""Code"", ""Math""]","[0.30602116434454585, 0.49762847978536995, 0.0, 0.19635035587008423]"
71,bge,1.0,0.6382924125225894,1.0,1.0,"[""Code"", ""Math""]","[0.2974529645479964, 0.49118080713853796, 0.0, 0.21136622831346577]"
