seed,target_id,role,is_unknown,signal_score,signal_p,relative_residual,open_p,state,parents,weights,pi_known
23,s23_known_00,test_known,0,7.768129348754883,0.024390243902439025,0.4926545337380684,1.0,Decomposable,"[""Medical"", ""Math""]","{""Medical"": 0.8071875793360631, ""Math"": 0.19281242066393695}","[0.07100782170229694, 0.18098885499796552, 0.7480033232997376]"
23,s23_known_01,test_known,0,7.801456928253174,0.024390243902439025,0.6090399639878253,0.19047619047619047,Decomposable,"[""Medical"", ""Code""]","{""Medical"": 0.5087584079827284, ""Code"": 0.4912415920172716}","[0.10173866389145458, 0.39675951894319217, 0.5015018171653532]"
23,s23_known_02,test_known,0,7.56540060043335,0.024390243902439025,0.6021789850363906,0.19047619047619047,Decomposable,"[""Medical"", ""Code"", ""Math""]","{""Medical"": 0.4667912581011693, ""Code"": 0.27841885350693735, ""Math"": 0.2547898883918934}","[0.11851183633802845, 0.27337333494716715, 0.6081148287148044]"
23,s23_known_03,test_known,0,7.581307411193848,0.024390243902439025,0.5331172724247479,0.8571428571428571,Decomposable,"[""Medical"", ""Math"", ""Code""]","{""Medical"": 0.2556482430401193, ""Math"": 0.11655940205638067, ""Code"": 0.6277923549034999}","[0.1294184370875745, 0.616195865887616, 0.2543856970248094]"
23,s23_known_04,test_known,0,7.245566368103027,0.024390243902439025,0.6080642965215152,0.19047619047619047,Decomposable,"[""Code"", ""Medical"", ""Math""]","{""Code"": 0.19651121217339892, ""Medical"": 0.3739659032003127, ""Math"": 0.42952288462628835}","[0.2520575439916129, 0.27283448480928374, 0.47510797119910336]"
23,s23_known_05,test_known,0,7.476470947265625,0.024390243902439025,0.5927940180712286,0.23809523809523808,Decomposable,"[""Math"", ""Code"", ""Medical""]","{""Math"": 0.28578726220756834, ""Code"": 0.5976470637895743, ""Medical"": 0.1165656740028571}","[0.16336582733897526, 0.6237636773020405, 0.21287049535898409]"
23,s23_known_06,test_known,0,7.6607208251953125,0.024390243902439025,0.5813295809860961,0.42857142857142855,Decomposable,"[""Math"", ""Medical""]","{""Math"": 0.44730443432066275, ""Medical"": 0.5526955656793372}","[0.2560795145857461, 0.18886769763266006, 0.5550527877815938]"
23,s23_known_07,test_known,0,7.609892845153809,0.024390243902439025,0.569240950339931,0.6666666666666666,Decomposable,"[""Math"", ""Medical"", ""Code""]","{""Math"": 0.38408159302357175, ""Medical"": 0.4981882420092196, ""Code"": 0.11773016496720853}","[0.26585733183326543, 0.24631562989626204, 0.4878270382704725]"
23,s23_unknown_00,test_unknown,1,8.119610786437988,0.024390243902439025,0.6171649645751556,0.14285714285714285,Decomposable,"[""Math"", ""Medical"", ""Science""]","{""Math"": 0.20918046448748723, ""Medical"": 0.2797618901126233, ""Science"": 0.5110576453998894}","[0.1476732727119562, 0.18891591569884314, 0.6634108115892007]"
23,s23_unknown_01,test_unknown,1,7.739189624786377,0.024390243902439025,0.6005912996229575,0.19047619047619047,Decomposable,"[""Math"", ""Medical"", ""Science""]","{""Math"": 0.20451740287670167, ""Medical"": 0.4093426824367088, ""Science"": 0.3861399146865895}","[0.13526174768539806, 0.1932876999840301, 0.6714505523305719]"
23,s23_unknown_02,test_unknown,1,7.7020134925842285,0.024390243902439025,0.6454944515917704,0.047619047619047616,Bank-Insufficient,"[""Medical"", ""Math"", ""Science""]","{""Medical"": 0.3630017886956724, ""Math"": 0.2744350671224189, ""Science"": 0.36256314418190855}","[0.23286544623627645, 0.20702896219620154, 0.5601055915675219]"
23,s23_unknown_03,test_unknown,1,7.919191360473633,0.024390243902439025,0.6454502181340321,0.047619047619047616,Bank-Insufficient,"[""Medical"", ""Math"", ""Science""]","{""Medical"": 0.2377510970447545, ""Math"": 0.2506747790431668, ""Science"": 0.5115741239120787}","[0.21886753452048593, 0.20215134325892611, 0.5789811222205878]"
23,s23_unknown_04,test_unknown,1,7.690038204193115,0.024390243902439025,0.6410995834086679,0.047619047619047616,Bank-Insufficient,"[""Medical"", ""Code"", ""Science""]","{""Medical"": 0.2283383117485741, ""Code"": 0.3399816581004486, ""Science"": 0.4316800301509774}","[0.14082445691695564, 0.32983906788672446, 0.5293364751963198]"
23,s23_unknown_05,test_unknown,1,7.185468673706055,0.024390243902439025,0.6460357170322738,0.047619047619047616,Bank-Insufficient,"[""Math"", ""Science""]","{""Math"": 0.6222145919098755, ""Science"": 0.3777854080901245}","[0.46884357364454976, 0.269380193992159, 0.2617762323632912]"
23,s23_unknown_06,test_unknown,1,7.654946804046631,0.024390243902439025,0.6327984714525492,0.047619047619047616,Bank-Insufficient,"[""Medical"", ""Math"", ""Science""]","{""Medical"": 0.2694093315849238, ""Math"": 0.36360991991093616, ""Science"": 0.3669807485041401}","[0.3182565595003996, 0.1933669550675214, 0.48837648543207896]"
23,s23_unknown_07,test_unknown,1,7.815672397613525,0.024390243902439025,0.5552509739938575,0.8095238095238095,Decomposable,"[""Medical"", ""Science""]","{""Medical"": 0.609531753562971, ""Science"": 0.39046824643702893}","[0.09889535401236746, 0.14987808974013464, 0.7512265562474979]"
47,s47_known_00,test_known,0,7.315445899963379,0.024390243902439025,0.5991128059060122,0.6190476190476191,Decomposable,"[""Medical"", ""Code"", ""Math""]","{""Medical"": 0.6518498661221589, ""Code"": 0.10932687503681568, ""Math"": 0.2388232588410254}","[0.25498077313296885, 0.2414889424312759, 0.5035302844357554]"
47,s47_known_01,test_known,0,7.684566497802734,0.024390243902439025,0.5785467709765567,0.6190476190476191,Decomposable,"[""Code"", ""Medical""]","{""Code"": 0.2468900284031287, ""Medical"": 0.7531099715968713}","[0.14385780006273058, 0.20275687185927174, 0.6533853280779977]"
47,s47_known_02,test_known,0,7.094521522521973,0.024390243902439025,0.6369120899535172,0.2857142857142857,Decomposable,"[""Code"", ""Math""]","{""Code"": 0.4840532057897133, ""Math"": 0.5159467942102868}","[0.31448063916505786, 0.5751070246370732, 0.11041233619786905]"
47,s47_known_03,test_known,0,7.228248119354248,0.024390243902439025,0.6230205687808228,0.47619047619047616,Decomposable,"[""Math"", ""Code""]","{""Math"": 0.42703945306192326, ""Code"": 0.5729605469380769}","[0.26592838559991516, 0.627740241674169, 0.10633137272591583]"
47,s47_known_04,test_known,0,7.115341663360596,0.024390243902439025,0.6098476967622493,0.5238095238095238,Decomposable,"[""Math"", ""Code""]","{""Math"": 0.3794501869620286, ""Code"": 0.6205498130379715}","[0.2409568713651325, 0.6606308161570468, 0.0984123124778206]"
47,s47_known_05,test_known,0,7.4703850746154785,0.024390243902439025,0.6429874156742623,0.2857142857142857,Decomposable,"[""Code"", ""Medical"", ""Math""]","{""Code"": 0.3056104151941161, ""Medical"": 0.44332281786017474, ""Math"": 0.2510667669457092}","[0.2591481076801657, 0.4446306026499822, 0.29622128966985195]"
47,s47_known_06,test_known,0,7.677229881286621,0.024390243902439025,0.6310432097987815,0.3333333333333333,Decomposable,"[""Medical"", ""Code""]","{""Medical"": 0.7168914047139553, ""Code"": 0.2831085952860447}","[0.12428932327633957, 0.2695923085984372, 0.6061183681252232]"
47,s47_known_07,test_known,0,6.821610450744629,0.024390243902439025,0.588747431313171,0.6190476190476191,Decomposable,"[""Medical"", ""Math"", ""Code""]","{""Medical"": 0.2881157654095679, ""Math"": 0.5617008348105462, ""Code"": 0.1501833997798859}","[0.6247885628515406, 0.23206108681422263, 0.1431503503342368]"
47,s47_unknown_00,test_unknown,1,7.785872936248779,0.024390243902439025,0.5973026950080194,0.6190476190476191,Decomposable,"[""Medical"", ""Code"", ""Science""]","{""Medical"": 0.2640313998863939, ""Code"": 0.27106059705595564, ""Science"": 0.4649080030576505}","[0.19261995047643857, 0.37962793246682636, 0.427752117056735]"
47,s47_unknown_01,test_unknown,1,7.572957515716553,0.024390243902439025,0.6171169514389373,0.5238095238095238,Decomposable,"[""Medical"", ""Code"", ""Science""]","{""Medical"": 0.43538537338226463, ""Code"": 0.11003851927933067, ""Science"": 0.45457610733840476}","[0.12379567206220267, 0.26703557724334365, 0.6091687506944536]"
47,s47_unknown_02,test_unknown,1,7.637786865234375,0.024390243902439025,0.6727208073096509,0.047619047619047616,Bank-Insufficient,"[""Code"", ""Science""]","{""Code"": 0.4837003586288511, ""Science"": 0.5162996413711489}","[0.16647237429624856, 0.5436209878240552, 0.28990663787969617]"
47,s47_unknown_03,test_unknown,1,6.818296909332275,0.024390243902439025,0.6995948130730434,0.047619047619047616,Bank-Insufficient,"[""Math"", ""Code"", ""Science""]","{""Math"": 0.38784912568888374, ""Code"": 0.1420178650405829, ""Science"": 0.4701330092705334}","[0.5518047119444649, 0.32611363564122675, 0.12208165241430825]"
47,s47_unknown_04,test_unknown,1,7.863011360168457,0.024390243902439025,0.6406984794294562,0.2857142857142857,Decomposable,"[""Code"", ""Science""]","{""Code"": 0.5754969142220987, ""Science"": 0.4245030857779013}","[0.16405600690622782, 0.6353678173624074, 0.20057617573136483]"
47,s47_unknown_05,test_unknown,1,7.108800888061523,0.024390243902439025,0.7153909675543207,0.047619047619047616,Bank-Insufficient,"[""Code"", ""Math"", ""Science""]","{""Code"": 0.2842161969744051, ""Math"": 0.29205433379941526, ""Science"": 0.42372946922617977}","[0.3421048196921148, 0.4848570742026017, 0.17303810610528336]"
47,s47_unknown_06,test_unknown,1,6.981480598449707,0.024390243902439025,0.6905982934296875,0.047619047619047616,Bank-Insufficient,"[""Math"", ""Science""]","{""Math"": 0.588738050172037, ""Science"": 0.41126194982796305}","[0.6042981152626383, 0.23656587543295657, 0.1591360093044051]"
47,s47_unknown_07,test_unknown,1,7.475860595703125,0.024390243902439025,0.6568276975972571,0.14285714285714285,Decomposable,"[""Code"", ""Science""]","{""Code"": 0.6062268389922547, ""Science"": 0.39377316100774534}","[0.2187271664283449, 0.6491284398346474, 0.1321443937370077]"
71,s71_known_00,test_known,0,7.007236003875732,0.024390243902439025,0.6183726877610416,0.6190476190476191,Decomposable,"[""Medical"", ""Math"", ""Code""]","{""Medical"": 0.11563772202744123, ""Math"": 0.745795917312256, ""Code"": 0.13856636066030265}","[0.6435974683247105, 0.2360167788486549, 0.12038575282663466]"
71,s71_known_01,test_known,0,7.958524227142334,0.024390243902439025,0.5993211879833288,0.7619047619047619,Decomposable,"[""Code"", ""Medical"", ""Math""]","{""Code"": 0.745881460968829, ""Medical"": 0.1356930430832906, ""Math"": 0.1184254959478803}","[0.1206244438254967, 0.6954428833090474, 0.18393267286545598]"
71,s71_known_02,test_known,0,7.444435119628906,0.024390243902439025,0.6621565913661033,0.19047619047619047,Decomposable,"[""Code"", ""Medical"", ""Math""]","{""Code"": 0.16436795157079825, ""Medical"": 0.5216950523411343, ""Math"": 0.3139369960880675}","[0.2585816650909809, 0.42043088120156547, 0.3209874537074538]"
71,s71_known_03,test_known,0,7.444224834442139,0.024390243902439025,0.6630162606613047,0.19047619047619047,Decomposable,"[""Math"", ""Code"", ""Medical""]","{""Math"": 0.3871251305361473, ""Code"": 0.2407589108239605, ""Medical"": 0.3721159586398923}","[0.2705980849353826, 0.4191017848668756, 0.31030013019774183]"
71,s71_known_04,test_known,0,7.1930460929870605,0.024390243902439025,0.6659735087104393,0.19047619047619047,Decomposable,"[""Code"", ""Math"", ""Medical""]","{""Code"": 0.2374352715196676, ""Math"": 0.5564084488765842, ""Medical"": 0.2061562796037482}","[0.3779059833956091, 0.4597242044583347, 0.16236981214605625]"
71,s71_known_05,test_known,0,7.173183441162109,0.024390243902439025,0.6609123585604871,0.19047619047619047,Decomposable,"[""Math"", ""Medical"", ""Code""]","{""Math"": 0.3652881143962188, ""Medical"": 0.5203790408766863, ""Code"": 0.11433284472709486}","[0.250548120205605, 0.35269785184785846, 0.39675402794653664]"
71,s71_known_06,test_known,0,7.269707679748535,0.024390243902439025,0.6446282983373586,0.38095238095238093,Decomposable,"[""Medical"", ""Math"", ""Code""]","{""Medical"": 0.11331408951308575, ""Math"": 0.6159229088002155, ""Code"": 0.27076300168669887}","[0.524423635251662, 0.4545422157982928, 0.021034148950045156]"
71,s71_known_07,test_known,0,7.923247337341309,0.024390243902439025,0.607651761058121,0.6666666666666666,Decomposable,"[""Medical"", ""Code""]","{""Medical"": 0.7188987557986449, ""Code"": 0.2811012442013552}","[0.06845147564641454, 0.33461793123814776, 0.5969305931154377]"
71,s71_unknown_00,test_unknown,1,6.555796146392822,0.34146341463414637,0.7054758148003629,,Low-Signal,"[""Math"", ""Science""]","{""Math"": 0.5746963367823257, ""Science"": 0.4253036632176744}","[0.6443177497788206, 0.269021938531435, 0.08666031168974422]"
71,s71_unknown_01,test_unknown,1,7.686915874481201,0.024390243902439025,0.5868552318010724,0.8095238095238095,Decomposable,"[""Medical"", ""Science""]","{""Medical"": 0.5710951539557293, ""Science"": 0.4289048460442707}","[0.0775104919822798, 0.2868696549774998, 0.6356198530402204]"
71,s71_unknown_02,test_unknown,1,6.354394435882568,0.34146341463414637,0.7362895711524555,,Low-Signal,"[""Code"", ""Math"", ""Science""]","{""Code"": 0.1576914740161293, ""Math"": 0.4186086462272076, ""Science"": 0.4236998797566631}","[0.4319549652439787, 0.4636364698457246, 0.10440856491029674]"
71,s71_unknown_03,test_unknown,1,6.703303337097168,0.024390243902439025,0.7116082396506938,0.047619047619047616,Bank-Insufficient,"[""Medical"", ""Math"", ""Science""]","{""Medical"": 0.11778544467649596, ""Math"": 0.36383273191241183, ""Science"": 0.5183818234110922}","[0.3516243558885774, 0.2738837146741285, 0.37449192943729415]"
71,s71_unknown_04,test_unknown,1,6.911170959472656,0.024390243902439025,0.704342704091023,0.047619047619047616,Bank-Insufficient,"[""Code"", ""Math"", ""Science""]","{""Code"": 0.3339515245026557, ""Math"": 0.2699881677915993, ""Science"": 0.3960603077057449}","[0.393274847957508, 0.56049833304421, 0.04622681899828203]"
71,s71_unknown_05,test_unknown,1,7.674497127532959,0.024390243902439025,0.6739273227984155,0.09523809523809523,Decomposable,"[""Code"", ""Science""]","{""Code"": 0.6329975260578048, ""Science"": 0.3670024739421952}","[0.21501798753267204, 0.6866690999661824, 0.09831291250114542]"
71,s71_unknown_06,test_unknown,1,6.138275146484375,0.34146341463414637,0.7241531882191374,,Low-Signal,"[""Math"", ""Science""]","{""Math"": 0.5128398473652369, ""Science"": 0.48716015263476303}","[0.4498074279680598, 0.2715855961682784, 0.2786069758636618]"
71,s71_unknown_07,test_unknown,1,7.663102626800537,0.024390243902439025,0.6820927719379298,0.09523809523809523,Decomposable,"[""Code"", ""Science""]","{""Code"": 0.5361518767453956, ""Science"": 0.46384812325460445}","[0.20490332557499613, 0.635899986932434, 0.15919668749256993]"
