seed,depth,strategy,state,threshold,signal_p,open_p,fas_parent_f1,fas_true_parent_mass,fas_false_parent_mass,fas_relative_residual,fas_top3_overlap_fraction,absolute_parent_f1,absolute_true_parent_mass,absolute_false_parent_mass,absolute_relative_residual,absolute_top3_overlap_fraction
23,D1_merge,active,Decomposable,0.01,0.024390243902439025,0.5853658536585366,0.8571428571428571,0.7141288817765359,0.28587111822343925,0.584559952818067,0.6666666666666666,0.8571428571428571,0.8359374517339391,0.16406254826602618,0.586167055346387,0.6666666666666666
23,D2_sft,active,Decomposable,0.01,0.024390243902439025,0.07317073170731707,0.8571428571428571,0.760919332501206,0.23908066749876672,0.6502575415795965,0.6666666666666666,0.8571428571428571,0.836410117555075,0.16358988244488512,0.7295703497331871,1.0
23,D3_int4,active,Bank-Insufficient,0.01,0.024390243902439025,0.024390243902439025,0.8571428571428571,0.7813720600296862,0.21862793997028498,0.6963443192246663,0.6666666666666666,0.8571428571428571,0.8834385433275882,0.1165614566723647,0.7850280003694156,1.0
23,D4_kd4b,active,Bank-Insufficient,0.01,0.024390243902439025,0.024390243902439025,0.8571428571428571,0.7217942115949585,0.2782057884050133,0.7268844174712212,0.6666666666666666,0.8571428571428571,0.6958275570131558,0.30417244298680185,0.7886010256303028,0.6666666666666666
23,D1_merge,random,Decomposable,0.01,0.024390243902439025,0.5365853658536586,0.8571428571428571,0.8054412788802576,0.19455872111971795,0.586968261199635,0.6666666666666666,0.8571428571428571,0.7632962896604467,0.23670371033951956,0.5559827868134022,0.6666666666666666
23,D2_sft,random,Decomposable,0.01,0.024390243902439025,0.24390243902439024,0.8571428571428571,0.8521465560347825,0.14785344396519198,0.6274702426597336,0.6666666666666666,0.8571428571428571,0.900363876013265,0.09963612398669515,0.6808876940125158,1.0
23,D3_int4,random,Bank-Insufficient,0.01,0.024390243902439025,0.04878048780487805,0.8571428571428571,0.8121361421632138,0.18786385783675955,0.6622296340105446,0.6666666666666666,0.8571428571428571,0.8762686192586393,0.12373138074132155,0.6843664681315659,1.0
23,D4_kd4b,random,Bank-Insufficient,0.01,0.024390243902439025,0.024390243902439025,0.8571428571428571,0.8335243971349444,0.16647560286502835,0.7172578890580308,0.6666666666666666,0.8571428571428571,0.8446134435683927,0.15538655643156676,0.7375877952834773,1.0
47,D1_merge,active,Decomposable,0.01,0.024390243902439025,0.6829268292682927,0.8571428571428571,0.7279592249263747,0.2720407750736005,0.5887112995657087,0.6666666666666666,0.8571428571428571,0.740269274550931,0.2597307254490373,0.5665314612647021,0.6666666666666666
47,D2_sft,active,Decomposable,0.01,0.024390243902439025,0.2926829268292683,0.8571428571428571,0.76577062854283,0.23422937145714226,0.6791839498355406,0.6666666666666666,0.8571428571428571,0.7890920802514764,0.21090791974847856,0.785821745396055,0.6666666666666666
47,D3_int4,active,Decomposable,0.01,0.024390243902439025,0.0975609756097561,0.8571428571428571,0.8137168855651168,0.18628311443485568,0.7070570966722219,0.6666666666666666,0.8571428571428571,0.8163364700749789,0.1836635299249823,0.7770811947694353,0.6666666666666666
47,D4_kd4b,active,Decomposable,0.01,0.024390243902439025,0.07317073170731707,0.8571428571428571,0.8112170103662162,0.1887829896337558,0.7204412859330246,0.6666666666666666,0.8571428571428571,0.7374567387012035,0.26254326129875444,0.7876509611461407,0.6666666666666666
47,D1_merge,random,Decomposable,0.01,0.024390243902439025,0.6341463414634146,0.8571428571428571,0.751542932615764,0.24845706738421133,0.59820399227629,0.6666666666666666,0.8571428571428571,0.9042441318451006,0.09575586815486414,0.4988353929770809,1.0
47,D2_sft,random,Decomposable,0.01,0.024390243902439025,0.3170731707317073,0.8571428571428571,0.7617860977104716,0.23821390228950393,0.668240825858225,0.6666666666666666,0.8571428571428571,0.7417216647168124,0.258278335283149,0.7281000730619257,0.6666666666666666
47,D3_int4,random,Decomposable,0.01,0.024390243902439025,0.07317073170731707,0.8571428571428571,0.791350401144609,0.20864959885536413,0.71542946469318,0.6666666666666666,0.8571428571428571,0.765991979416943,0.2340080205830169,0.7383224173291005,0.6666666666666666
47,D4_kd4b,random,Bank-Insufficient,0.01,0.024390243902439025,0.024390243902439025,0.8571428571428571,0.7732819788086718,0.2267180211912998,0.7635604225834992,0.6666666666666666,0.8571428571428571,0.7266883614361286,0.2733116385638306,0.7682865785302508,0.6666666666666666
71,D1_merge,active,Decomposable,0.15,0.024390243902439025,0.7073170731707317,0.6666666666666666,0.8082156499828151,0.1917843500171609,0.5805813985739424,0.6666666666666666,1.0,0.8796270467898994,0.12037295321006847,0.5440450468233056,1.0
71,D2_sft,active,Decomposable,0.15,0.024390243902439025,0.36585365853658536,0.8571428571428571,0.8263646496126807,0.17363535038729427,0.6434141226387591,1.0,1.0,0.8641218945137072,0.13587810548625517,0.6933689253378262,1.0
71,D3_int4,active,Bank-Insufficient,0.15,0.024390243902439025,0.04878048780487805,0.8571428571428571,0.7631909188952246,0.23680908110474694,0.710380589729962,0.6666666666666666,0.8571428571428571,0.7920744873646626,0.2079255126352943,0.7772326452645187,1.0
71,D4_kd4b,active,Decomposable,0.15,0.024390243902439025,0.17073170731707318,0.6666666666666666,0.7029770843438589,0.2970229156561144,0.6843460004845247,0.6666666666666666,0.8571428571428571,0.678248008096892,0.3217519919030701,0.7079844603631475,0.6666666666666666
71,D1_merge,random,Decomposable,0.15,0.024390243902439025,0.7317073170731707,0.8571428571428571,0.7677469609158007,0.23225303908417663,0.5708048261545937,0.6666666666666666,0.8571428571428571,0.7107935828383577,0.28920641716160983,0.5807661480900516,0.6666666666666666
71,D2_sft,random,Decomposable,0.15,0.024390243902439025,0.2926829268292683,0.8571428571428571,0.8363505066898327,0.1636494933101428,0.6529534091082603,0.6666666666666666,0.6666666666666666,0.7555833354022801,0.24441666459767694,0.7599412598027352,0.6666666666666666
71,D3_int4,random,Bank-Insufficient,0.15,0.024390243902439025,0.04878048780487805,0.8571428571428571,0.8204878537183113,0.17951214628166173,0.7032532063764185,1.0,1.0,0.8944745768614072,0.10552542313854878,0.7863549793936832,1.0
71,D4_kd4b,random,Bank-Insufficient,0.15,0.024390243902439025,0.024390243902439025,0.8,0.8713184756052816,0.1286815243946911,0.7245288928046566,1.0,0.6666666666666666,0.7566424885587183,0.2433575114412358,0.8111948072196279,0.6666666666666666
